<?xml version="1.0" encoding="UTF-8"?>
<project-private xmlns="http://www.netbeans.org/ns/project-private/1">
    <editor-bookmarks xmlns="http://www.netbeans.org/ns/editor-bookmarks/2" lastBookmarkId="0"/>
    <open-files xmlns="http://www.netbeans.org/ns/projectui-open-files/2">
        <group>
            <file>file:/C:/Users/Angeline/Documents/NetBeansProjects/EVENT_MANAGEMENT_SYSTEM/src/Custom_Package.java</file>
            <file>file:/C:/Users/Angeline/Documents/NetBeansProjects/EVENT_MANAGEMENT_SYSTEM/src/EventLogin.java</file>
            <file>file:/C:/Users/Angeline/Documents/NetBeansProjects/EVENT_MANAGEMENT_SYSTEM/src/Event_Selection.java</file>
            <file>file:/C:/Users/Angeline/Documents/NetBeansProjects/EVENT_MANAGEMENT_SYSTEM/src/BirthdayEvent.java</file>
            <file>file:/C:/Users/Angeline/Documents/NetBeansProjects/EVENT_MANAGEMENT_SYSTEM/src/Registration_Form.java</file>
        </group>
    </open-files>
</project-private>
